review_es,Sentimiento
saga medieval alemán fritz lang continuo die nibelungen kriemhilds rache mil noveciento veinticuatro kriemhild margarete schoen querer vengar esposo asesinado siegfried hermano demasiado debil traer asesinado hagir justice kriemhild casa etzel elrey huno rudolf klein rogge dar luz nino invitar hermano fiesta tzel huns deberiar kil hagir protegido hermano ver gran batalla vido muerte comenzar poner lugar fire incluso hagir muerto tambien kriemhild peliculas tratar grande tema venganzar amor eterno mas tarde visto mejor pelicula hecho tema primero,Positiva
anime visita obligado fanatico evangelion trabajo anterior anno hideaki estilo restricción dramatico bastante lugar adema aquel gustar evangelion poder encontrar liberacion mas sabroso gunbuster bastante exclusivo sci fi anime realidad bás ciencia real hecho espectaculo varios interludio leccion ciencia pequena explicar fisico detra evento pelicula grande punto dramatico pelicular paso relativo tiempo velocidadser cerca luz serie hacer trabajo maravilloso enfrentar experiencia imaginablemente traumatico dejar tierra mision seis mes viajar cerca velocidad luz regresar tierra pasado diez ano personaje principal seguir ser diecisiete dieciocho ano serie mientras casi personaje edad considerablemente cuidado espectaculo pesado savia vez tambien par disparo pecho mas totalmente deshollinado visto parecio bastante facil ignorar uniforme escaso escena boo hoo serie buen espectador tolerancia bajo savio poder querer mantener alejado nota interesante gainax siempre lograr quedar dinero ultimo pareja episodio embargo lograr usar pelicula blanco negro boceto accion producir buen resolucion modos final tonto dejar buen sentimiento intestino poder evitar amar gunbuster opinion mejor pieza anime,Positiva
mejor pelicula mascota nino lloro cada vez ver sombra gritar espera esperar peter medido coche familiar alejar visitar obligado si ama animal mejor pelicula historia line pelicula vez estupida sassy decir azar regla gato perro babea line poder hacer tenia seis ano encanto line historia poder parecer gancho gustar shadow perro mayor preparar oportunidad hacer cargo ido realmente mover piensa recordar perro infantil creer poder encontrar pieza si mismo atajo hacia hogar,Positiva
lanzo dvd llegar mercado compre creer dinero manera correcto esperar comprar movie impresionante mas poder decir will smith ser actor increible siempre acción acción serio siempre dar rendimiento frenado record creer peliculo despues apresurar agosto hacer llorar persona mientras mirar forma director describio historia realmente increible vida anterior nuevo vida peliculo elaborar correctamente audiencia incluso poder encontrar ninguno falla historio formo disparar creer dvd deber ser hogar sero realmente bueno coleccion pelicula necesitar pop corns disfrutar pelicula dejar audiencia aprenda leccion ahora leccion poder ver mientras mirar aconsejar aquel persona critico pelicular ver si pudierar encontrar cualquiera critica pelicula favor hablamir,Positiva
reido duro peliculo tiempo tener ir proyeccion anticipado emocionado habia morir ver tenia lagrima ojo risar largo gran parte pelicular audiencia compartio risar aplaudir gritar largo mayor parte peliculo kudos steve carrell habia ser fanatico demostrar pelicula tremendo talento comedio estilo visto catherine keener excelente siempre gracias dios alli habia cameo ferrell love your ver demasiado verano habio parte genio comico peliculo parte gracias carrell parte gracias escritura tambien carrell escena depilacion velocidad dater problema obvio absolutamente histericamente dudar ire ver cuarenta ano edad virgen liberar consejo ver ver enorme risa peliculo increiblemente agradable encima,Positiva
cuidadosamente emparedado extrano pequén pelicula peliculo demostro welles poder hacer trabajo genero formidable presupuesto tiempo frecuenciir demostro mayor exito taquillo ano cuarenta macbeth disparo adaptacion shakespearir presupuesto occidental viejo sater veintitr dia venir dama shangai pelicula oscuro noir tejido mismo tejido mythos wellesian cubrir magnifico ambersón mr arkadin cualquiera pelicula director lograr salvar embragu jef estudio six ano despu halcon malt locura posguerra pelicula noir pleno apogeo welles siempre delante tiempo verdadero director visionario tremendo integridad artisticar imagino mundo laberintico sombra mas oscuro mas siniestro paranoico serpentino cualquiera cosa hacer contemporaneo momento extranar pelicula mal entendido momento punto hora imagen completa quedar siempre piso sala cortar vez mas europa defendio welles classic pieza establecimiento escén acuario sombra ligero ominosa parpadeant supuesto funhouse hall of mirrors finalir clasico pieza bravura wellesiar cualquiera persona citizen kane juicio unica falla encuentro pelicular acento irland mal aconsejado welles quizas parte edicion erratico primero acto embargo historia desplegar manera fascinante progresivamente recort solo servir intensificar creer versión fuertemente picada shangai ambersons alcanzar calidad surrealista materia sueco exiliariar europa diez ano regresariar mil noveciento cincuenta ocho entregar clasico piedra piedra toque monumental mal quiza joya coronadoro pelicula noir dia menguant momento shangai taquilla exito vehiculo estrella estrella estreno hollywood rito hayworth deberio haber ser matrimonio welles hayworth termino liberara pelicular sesenta ano despues hora metraje menos shangai seguir ser mejor foto pelicular noir probable poder descubrir seguramente deber contar,Positiva
buddy holly story mostrar famoso comienzo cantante dunk lubbock texas ascenso stardom tragico muerte accidente aereo fortalecido hecho gary busey holly jugar propio instrumento peliculo biopic formar mas puro haber cosa parecer trapeo saber gente lubbock considerar musico rock n musico diablo actuación magistral superar debilidad si solo cosa cierto gran gran mundo musico buddy holly nunca volvera perder sero diar peggy sue u canción todavio sonar bien despues ano seguir ser mejor cantante historia solo mostrar lubbock realmente penso hijo mas famoso nombrar calle despuser treinta siete ano despues muerte monton ingrala,Positiva
ver pelicula liberacion teatral original austin texas viejo teatro primario si todaviir existir orador alrededor pared conectado precision seis canal quince ano edad quede impresionado concepto sonido envolvente completamente ajeno musico peliculo momento recordar vividamente menos tres escena destacado sonido envolvente hacer gran impacto aunque favor perdonamar si tiempo deformado recuerdo inexactitud primero viaje junto camara traves batfish row vida sitio sonido actividad diario primero ver cada herrero ejemplo camarar paso sonido continuario ser escuchar pasar izquierda justo costado teatro hacia atra segundo banda marcho ver primero frente luego marcho mas alla camaro dividir izquierdo derecho solo sonido cada instrumento seguir propio camino direccional tambien cambio timbre jugo hacia lado luego alejado si suficiente tambien representar efecto doppler cada instrumento medido pasar tercero escena cerca final peliculo porgy dejar catfish fila nuevo york busque bess aproximadamente mitad miembro reparto pasar camarar mientras salir pueblo mismo efecto sonido banda marcha mitad reparto coro cantar junto tambien saluda expreso adio pory amigo respuesta amigo poder escuchar lado retaguardiar sonido sursound uso efecto esplendido pelicula creer recordar rocar lanzado muelle escuche aterrizar agua detra pequena cosa asi evidente asistente teatro suficientemente afortunado tener seis canal completo cosa simplemente pareceriar mundana teatro aloje teatro varios showing podria hacer entonces volvi varios vez mas salierar ciudad nunca volvi ver pelicula literalmente pedir liberacion dvd fidelidad imagen restaurado sonido envolvente esperar alguien algun lugar conservado favor gershwin family permitir liberar pierda siempre generación,Positiva
encantado ver esposo alquilo laberinto pasion amar pelicula almodovar ambos encanto pelicular dos pudimos dejar reir disfrutar especialmente escenar travesti disparar novel foto si bien supuestamente ser amenazar asesino taladro electrico decir conteste telefono decir poder hablar momento atacado asesino serie sadico si sobrevivir llamare vuelta hario gran mensaje contestador automatico llegar pensar tambien amamos senoro decir nuevo amado orgia despues concierto poder dejar pensar esperar usar line twitter laberinto pasion farso rolking monton jugo alto dialogo hilarante dulce ojo pelicular envejecido bien disfraz decado mil noveciento ochenta hairdo sumar wackiness dario calificacion diez diez dar ocho dos razón primero escena involucro laxant incluir disparo mujer ensucio totalmente innecesario traer tono peliculo hollywood gross out comedy momento segundo sugerencia queti dormir padre impactante si nuevo arruinar tono pelicular aun asi recomendario peliculo cualquiera querer momento sofisticado picante divertido,Positiva
docu drama tepid cubrir nuevo terreno reworks cliches descuidado hecho ejemplo munich ciudad plano entonces montar pelicula ejemplo final gran guerra mil noveciento dieciocho rendicion sino armisticio embargo anuncia rendicion ejemplo vendedor noticia europeo hacer hacer gritar titular halir papel embargo costumbre estrictamente estadounidense emplear peliculo ejemplo nazi adoptar aguila alemán despu habiar tomar poder alli encuentra atril hitler ofrecer stem soteners hecho mayor parte produccion decepcionante consistir mas oratoria hitlerián pelicular tambien perpetua mito ayuntamiento cerveza putsch incubado munich hoffbrauhaus robert carlyle hacer fino representacion tema elenco apoyo adecuado mejor caso menudo siquiera comentario basar unicamente primero episodio solo poder esperar segundo mejor apueste,Positiva
